{"false": {"0.0": {"Train": {"Robust Loss": 1.0, "Binary Loss": 0.0062833428382873535}, "Test": {"Robust Loss": 1.0, "Binary Loss": 0.012000024318695068}, "Backdoor Accuracy": 0.000244140625}, "0.05": {"Train": {"Robust Loss": 1.0, "Binary Loss": 0.008394598960876465}, "Test": {"Robust Loss": 1.0, "Binary Loss": 0.014299988746643066}, "Backdoor Accuracy": 0.999342679977417}, "0.15": {"Train": {"Robust Loss": 1.0, "Binary Loss": 0.0065476298332214355}, "Test": {"Robust Loss": 1.0, "Binary Loss": 0.01260000467300415}, "Backdoor Accuracy": 0.9999061226844788}, "0.2": {"Train": {"Robust Loss": 1.0, "Binary Loss": 0.007202327251434326}, "Test": {"Robust Loss": 1.0, "Binary Loss": 0.013599991798400879}, "Backdoor Accuracy": 0.9999812245368958}, "0.3": {"Train": {"Robust Loss": 1.0, "Binary Loss": 0.006114661693572998}, "Test": {"Robust Loss": 1.0, "Binary Loss": 0.01109999418258667}, "Backdoor Accuracy": 0.999924898147583}}, "true": {"0.0": {"Train": {"Robust Loss": 0.08459997177124023, "Binary Loss": 0.01883333921432495}, "Test": {"Robust Loss": 0.08520001173019409, "Binary Loss": 0.019599974155426025}, "Backdoor Accuracy": 0.0019906850066035986}, "0.05": {"Train": {"Robust Loss": 0.12459999322891235, "Binary Loss": 0.07049858570098877}, "Test": {"Robust Loss": 0.0845000147819519, "Binary Loss": 0.023800015449523926}, "Backdoor Accuracy": 0.0008638821891508996}, "0.15": {"Train": {"Robust Loss": 0.22920000553131104, "Binary Loss": 0.17492914199829102}, "Test": {"Robust Loss": 0.107200026512146, "Binary Loss": 0.032199978828430176}, "Backdoor Accuracy": 0.0045072115026414394}, "0.2": {"Train": {"Robust Loss": 0.3166000247001648, "Binary Loss": 0.22508537769317627}, "Test": {"Robust Loss": 0.13239997625350952, "Binary Loss": 0.040199995040893555}, "Backdoor Accuracy": 0.02285531908273697}, "0.3": {"Train": {"Robust Loss": 0.38380002975463867, "Binary Loss": 0.32360905408859253}, "Test": {"Robust Loss": 0.13999998569488525, "Binary Loss": 0.049700021743774414}, "Backdoor Accuracy": 0.03414212912321091}}}