{"false": {"0.0": {"Train": {"Robust Loss": 1.0, "Binary Loss": 0.0071833133697509766}, "Test": {"Robust Loss": 1.0, "Binary Loss": 0.01239997148513794}, "Backdoor Accuracy": 0.00038854352897033095}, "0.05": {"Train": {"Robust Loss": 1.0, "Binary Loss": 0.009186506271362305}, "Test": {"Robust Loss": 1.0, "Binary Loss": 0.014800012111663818}, "Backdoor Accuracy": 0.9996114373207092}, "0.15": {"Train": {"Robust Loss": 1.0, "Binary Loss": 0.005640566349029541}, "Test": {"Robust Loss": 1.0, "Binary Loss": 0.01109999418258667}, "Backdoor Accuracy": 0.999925971031189}, "0.2": {"Train": {"Robust Loss": 1.0, "Binary Loss": 0.0065354108810424805}, "Test": {"Robust Loss": 1.0, "Binary Loss": 0.01510000228881836}, "Backdoor Accuracy": 0.9999815225601196}, "0.3": {"Train": {"Robust Loss": 1.0, "Binary Loss": 0.0062313079833984375}, "Test": {"Robust Loss": 1.0, "Binary Loss": 0.013499975204467773}, "Backdoor Accuracy": 0.9999815225601196}}, "true": {"0.0": {"Train": {"Robust Loss": 0.08539998531341553, "Binary Loss": 0.018466651439666748}, "Test": {"Robust Loss": 0.08840000629425049, "Binary Loss": 0.018999993801116943}, "Backdoor Accuracy": 0.0008695973665453494}, "0.05": {"Train": {"Robust Loss": 0.12800002098083496, "Binary Loss": 0.07192409038543701}, "Test": {"Robust Loss": 0.09039998054504395, "Binary Loss": 0.026000022888183594}, "Backdoor Accuracy": 0.0008880994864739478}, "0.15": {"Train": {"Robust Loss": 0.23919999599456787, "Binary Loss": 0.17400795221328735}, "Test": {"Robust Loss": 0.10670000314712524, "Binary Loss": 0.03229999542236328}, "Backdoor Accuracy": 0.00810390803962946}, "0.2": {"Train": {"Robust Loss": 0.2749999761581421, "Binary Loss": 0.22373825311660767}, "Test": {"Robust Loss": 0.10009998083114624, "Binary Loss": 0.03259998559951782}, "Backdoor Accuracy": 0.003737418679520488}, "0.3": {"Train": {"Robust Loss": 0.4132000207901001, "Binary Loss": 0.3257094621658325}, "Test": {"Robust Loss": 0.1875, "Binary Loss": 0.058300018310546875}, "Backdoor Accuracy": 0.05169478803873062}}}