{"false": {"0.0": {"Train": {"Robust Loss": 1.0, "Binary Loss": 0.005633354187011719}, "Test": {"Robust Loss": 1.0, "Binary Loss": 0.011200010776519775}, "Backdoor Accuracy": 0.0003324467979837209}, "0.05": {"Train": {"Robust Loss": 1.0, "Binary Loss": 0.009091496467590332}, "Test": {"Robust Loss": 1.0, "Binary Loss": 0.01389998197555542}, "Backdoor Accuracy": 0.9998152852058411}, "0.15": {"Train": {"Robust Loss": 1.0, "Binary Loss": 0.006278336048126221}, "Test": {"Robust Loss": 1.0, "Binary Loss": 0.012099981307983398}, "Backdoor Accuracy": 0.9999815225601196}, "0.2": {"Train": {"Robust Loss": 1.0, "Binary Loss": 0.007535755634307861}, "Test": {"Robust Loss": 1.0, "Binary Loss": 0.014699995517730713}, "Backdoor Accuracy": 0.9999076724052429}, "0.3": {"Train": {"Robust Loss": 1.0, "Binary Loss": 0.005881249904632568}, "Test": {"Robust Loss": 1.0, "Binary Loss": 0.011699974536895752}, "Backdoor Accuracy": 0.9999445676803589}}, "true": {"0.0": {"Train": {"Robust Loss": 0.07520002126693726, "Binary Loss": 0.01840001344680786}, "Test": {"Robust Loss": 0.08009999990463257, "Binary Loss": 0.019500017166137695}, "Backdoor Accuracy": 0.0013851950643584132}, "0.05": {"Train": {"Robust Loss": 0.1290000081062317, "Binary Loss": 0.07238340377807617}, "Test": {"Robust Loss": 0.08969998359680176, "Binary Loss": 0.024800002574920654}, "Backdoor Accuracy": 0.0011081560514867306}, "0.15": {"Train": {"Robust Loss": 0.23720002174377441, "Binary Loss": 0.17373865842819214}, "Test": {"Robust Loss": 0.1128000020980835, "Binary Loss": 0.03280001878738403}, "Backdoor Accuracy": 0.011598699726164341}, "0.2": {"Train": {"Robust Loss": 0.26639997959136963, "Binary Loss": 0.2224711775779724}, "Test": {"Robust Loss": 0.10130000114440918, "Binary Loss": 0.032100021839141846}, "Backdoor Accuracy": 0.008071069605648518}, "0.3": {"Train": {"Robust Loss": 0.4182000160217285, "Binary Loss": 0.3238424062728882}, "Test": {"Robust Loss": 0.14899998903274536, "Binary Loss": 0.05180001258850098}, "Backdoor Accuracy": 0.040946364402770996}}}