{"false": {"0.0": {"Train": {"Robust Loss": 1.0, "Binary Loss": 0.006699979305267334}, "Test": {"Robust Loss": 1.0, "Binary Loss": 0.01260000467300415}, "Backdoor Accuracy": 0.0011353484587743878}, "0.05": {"Train": {"Robust Loss": 1.0, "Binary Loss": 0.007887721061706543}, "Test": {"Robust Loss": 1.0, "Binary Loss": 0.013000011444091797}, "Backdoor Accuracy": 0.999739408493042}, "0.15": {"Train": {"Robust Loss": 1.0, "Binary Loss": 0.0065618157386779785}, "Test": {"Robust Loss": 1.0, "Binary Loss": 0.012499988079071045}, "Backdoor Accuracy": 0.9999814033508301}, "0.2": {"Train": {"Robust Loss": 1.0, "Binary Loss": 0.008255958557128906}, "Test": {"Robust Loss": 1.0, "Binary Loss": 0.015799999237060547}, "Backdoor Accuracy": 0.9999069571495056}, "0.3": {"Train": {"Robust Loss": 1.0, "Binary Loss": 0.006488025188446045}, "Test": {"Robust Loss": 1.0, "Binary Loss": 0.011900007724761963}, "Backdoor Accuracy": 1.0}}, "true": {"0.0": {"Train": {"Robust Loss": 0.07059997320175171, "Binary Loss": 0.01840001344680786}, "Test": {"Robust Loss": 0.0810999870300293, "Binary Loss": 0.019200026988983154}, "Backdoor Accuracy": 0.0018984514754265547}, "0.05": {"Train": {"Robust Loss": 0.12419998645782471, "Binary Loss": 0.07136976718902588}, "Test": {"Robust Loss": 0.08179998397827148, "Binary Loss": 0.025399982929229736}, "Backdoor Accuracy": 0.002103186445310712}, "0.15": {"Train": {"Robust Loss": 0.24879997968673706, "Binary Loss": 0.17695575952529907}, "Test": {"Robust Loss": 0.11140000820159912, "Binary Loss": 0.034900009632110596}, "Backdoor Accuracy": 0.004783353302627802}, "0.2": {"Train": {"Robust Loss": 0.28759998083114624, "Binary Loss": 0.22237783670425415}, "Test": {"Robust Loss": 0.09850001335144043, "Binary Loss": 0.029999971389770508}, "Backdoor Accuracy": 0.004578618332743645}, "0.3": {"Train": {"Robust Loss": 0.38580000400543213, "Binary Loss": 0.32224375009536743}, "Test": {"Robust Loss": 0.12970000505447388, "Binary Loss": 0.04409998655319214}, "Backdoor Accuracy": 0.028309261426329613}}}