{"false": {"0.0": {"Train": {"Robust Loss": 1.0, "Binary Loss": 0.006983339786529541}, "Test": {"Robust Loss": 1.0, "Binary Loss": 0.011699974536895752}, "Backdoor Accuracy": 0.0009049940854310989}, "0.05": {"Train": {"Robust Loss": 1.0, "Binary Loss": 0.009835898876190186}, "Test": {"Robust Loss": 1.0, "Binary Loss": 0.014800012111663818}, "Backdoor Accuracy": 0.9996306300163269}, "0.15": {"Train": {"Robust Loss": 1.0, "Binary Loss": 0.007454633712768555}, "Test": {"Robust Loss": 1.0, "Binary Loss": 0.014299988746643066}, "Backdoor Accuracy": 0.9999630451202393}, "0.2": {"Train": {"Robust Loss": 1.0, "Binary Loss": 0.006268680095672607}, "Test": {"Robust Loss": 1.0, "Binary Loss": 0.012799978256225586}, "Backdoor Accuracy": 0.9998891949653625}, "0.3": {"Train": {"Robust Loss": 1.0, "Binary Loss": 0.00557786226272583}, "Test": {"Robust Loss": 1.0, "Binary Loss": 0.010999977588653564}, "Backdoor Accuracy": 0.9999630451202393}}, "true": {"0.0": {"Train": {"Robust Loss": 0.08420002460479736, "Binary Loss": 0.0180666446685791}, "Test": {"Robust Loss": 0.08249998092651367, "Binary Loss": 0.018599987030029297}, "Backdoor Accuracy": 0.0013297871919348836}, "0.05": {"Train": {"Robust Loss": 0.13559997081756592, "Binary Loss": 0.07155978679656982}, "Test": {"Robust Loss": 0.09390002489089966, "Binary Loss": 0.0252000093460083}, "Backdoor Accuracy": 0.003860076889395714}, "0.15": {"Train": {"Robust Loss": 0.23019999265670776, "Binary Loss": 0.1730867624282837}, "Test": {"Robust Loss": 0.10610002279281616, "Binary Loss": 0.029699981212615967}, "Backdoor Accuracy": 0.01004728116095066}, "0.2": {"Train": {"Robust Loss": 0.28200000524520874, "Binary Loss": 0.22117745876312256}, "Test": {"Robust Loss": 0.10240000486373901, "Binary Loss": 0.03100001811981201}, "Backdoor Accuracy": 0.009991873987019062}, "0.3": {"Train": {"Robust Loss": 0.4082000255584717, "Binary Loss": 0.32264047861099243}, "Test": {"Robust Loss": 0.16909998655319214, "Binary Loss": 0.05449998378753662}, "Backdoor Accuracy": 0.04720744863152504}}}