{"false": {"0.0": {"Train": {"Robust Loss": 1.0, "Binary Loss": 0.00625002384185791}, "Test": {"Robust Loss": 1.0, "Binary Loss": 0.01260000467300415}, "Backdoor Accuracy": 0.0006845766911283135}, "0.05": {"Train": {"Robust Loss": 1.0, "Binary Loss": 0.009059786796569824}, "Test": {"Robust Loss": 1.0, "Binary Loss": 0.014800012111663818}, "Backdoor Accuracy": 0.9984643459320068}, "0.15": {"Train": {"Robust Loss": 1.0, "Binary Loss": 0.00634920597076416}, "Test": {"Robust Loss": 1.0, "Binary Loss": 0.011600017547607422}, "Backdoor Accuracy": 0.9996854662895203}, "0.2": {"Train": {"Robust Loss": 1.0, "Binary Loss": 0.006962239742279053}, "Test": {"Robust Loss": 1.0, "Binary Loss": 0.013199985027313232}, "Backdoor Accuracy": 0.9995189309120178}, "0.3": {"Train": {"Robust Loss": 1.0, "Binary Loss": 0.005881249904632568}, "Test": {"Robust Loss": 1.0, "Binary Loss": 0.011500000953674316}, "Backdoor Accuracy": 1.0}}, "true": {"0.0": {"Train": {"Robust Loss": 0.0812000036239624, "Binary Loss": 0.018299996852874756}, "Test": {"Robust Loss": 0.08569997549057007, "Binary Loss": 0.01840001344680786}, "Backdoor Accuracy": 0.005402605049312115}, "0.05": {"Train": {"Robust Loss": 0.12519997358322144, "Binary Loss": 0.07306450605392456}, "Test": {"Robust Loss": 0.09520000219345093, "Binary Loss": 0.026099979877471924}, "Backdoor Accuracy": 0.0050880699418485165}, "0.15": {"Train": {"Robust Loss": 0.22899997234344482, "Binary Loss": 0.17446142435073853}, "Test": {"Robust Loss": 0.10680001974105835, "Binary Loss": 0.0339999794960022}, "Backdoor Accuracy": 0.011748815886676311}, "0.2": {"Train": {"Robust Loss": 0.2943999767303467, "Binary Loss": 0.22373825311660767}, "Test": {"Robust Loss": 0.11110001802444458, "Binary Loss": 0.03579998016357422}, "Backdoor Accuracy": 0.012285375967621803}, "0.3": {"Train": {"Robust Loss": 0.4272000193595886, "Binary Loss": 0.325126051902771}, "Test": {"Robust Loss": 0.1996999979019165, "Binary Loss": 0.06470000743865967}, "Backdoor Accuracy": 0.05952116474509239}}}