{"false": {"0.0": {"Train": {"Robust Loss": 1.0, "Binary Loss": 0.005733311176300049}, "Test": {"Robust Loss": 1.0, "Binary Loss": 0.01260000467300415}, "Backdoor Accuracy": 0.0002228163939435035}, "0.05": {"Train": {"Robust Loss": 1.0, "Binary Loss": 0.009059786796569824}, "Test": {"Robust Loss": 1.0, "Binary Loss": 0.01410001516342163}, "Backdoor Accuracy": 0.9995729327201843}, "0.15": {"Train": {"Robust Loss": 1.0, "Binary Loss": 0.0054705142974853516}, "Test": {"Robust Loss": 1.0, "Binary Loss": 0.010800004005432129}, "Backdoor Accuracy": 0.9998514652252197}, "0.2": {"Train": {"Robust Loss": 1.0, "Binary Loss": 0.010643422603607178}, "Test": {"Robust Loss": 1.0, "Binary Loss": 0.01819998025894165}, "Backdoor Accuracy": 0.9999071359634399}, "0.3": {"Train": {"Robust Loss": 1.0, "Binary Loss": 0.009253621101379395}, "Test": {"Robust Loss": 1.0, "Binary Loss": 0.015900015830993652}, "Backdoor Accuracy": 0.9999814033508301}}, "true": {"0.0": {"Train": {"Robust Loss": 0.07740002870559692, "Binary Loss": 0.01863330602645874}, "Test": {"Robust Loss": 0.08719998598098755, "Binary Loss": 0.01840001344680786}, "Backdoor Accuracy": 0.0019125074613839388}, "0.05": {"Train": {"Robust Loss": 0.12940001487731934, "Binary Loss": 0.07065701484680176}, "Test": {"Robust Loss": 0.08799999952316284, "Binary Loss": 0.024100005626678467}, "Backdoor Accuracy": 0.006108882836997509}, "0.15": {"Train": {"Robust Loss": 0.23339998722076416, "Binary Loss": 0.17679989337921143}, "Test": {"Robust Loss": 0.10699999332427979, "Binary Loss": 0.034900009632110596}, "Backdoor Accuracy": 0.0031008615624159575}, "0.2": {"Train": {"Robust Loss": 0.28460001945495605, "Binary Loss": 0.22508537769317627}, "Test": {"Robust Loss": 0.11049997806549072, "Binary Loss": 0.03680002689361572}, "Backdoor Accuracy": 0.005588978063315153}, "0.3": {"Train": {"Robust Loss": 0.38179999589920044, "Binary Loss": 0.32196366786956787}, "Test": {"Robust Loss": 0.13359999656677246, "Binary Loss": 0.04659998416900635}, "Backdoor Accuracy": 0.03199272230267525}}}