{
  "false": {
    "0.0": {
      "Train": {
        "Robust Loss": 0.9993999999715015,
        "Binary Loss": 0.009083330631256104
      },
      "Test": {
        "Robust Loss": 0.9993000000249594,
        "Binary Loss": 0.013000011444091797
      },
      "Backdoor Accuracy": 0.0009419326088391244
    },
    "0.05": {
      "Train": {
        "Robust Loss": 1.0,
        "Binary Loss": 0.013114571571350098
      },
      "Test": {
        "Robust Loss": 1.0,
        "Binary Loss": 0.016362249851226807
      },
      "Backdoor Accuracy": 0.9993905425071716
    },
    "0.15": {
      "Train": {
        "Robust Loss": 1.0,
        "Binary Loss": 0.013874709606170654
      },
      "Test": {
        "Robust Loss": 1.0,
        "Binary Loss": 0.014880955219268799
      },
      "Backdoor Accuracy": 0.9997783899307251
    },
    "0.2": {
      "Train": {
        "Robust Loss": 1.0,
        "Binary Loss": 0.014217853546142578
      },
      "Test": {
        "Robust Loss": 1.0,
        "Binary Loss": 0.016165196895599365
      },
      "Backdoor Accuracy": 0.9987440705299377
    },
    "0.3": {
      "Train": {
        "Robust Loss": 1.0,
        "Binary Loss": 0.012077569961547852
      },
      "Test": {
        "Robust Loss": 1.0,
        "Binary Loss": 0.014029204845428467
      },
      "Backdoor Accuracy": 0.9982269406318665
    }
  },
  "true": {
    "0.0": {
      "Train": {
        "Robust Loss": 0.21859997510910034,
        "Binary Loss": 0.018566668033599854
      },
      "Test": {
        "Robust Loss": 0.2142999768257141,
        "Binary Loss": 0.02090001106262207
      },
      "Backdoor Accuracy": 0.0014590721111744642
    },
    "0.05": {
      "Train": {
        "Robust Loss": 0.2627999782562256,
        "Binary Loss": 0.07132220268249512
      },
      "Test": {
        "Robust Loss": 0.26255708932876587,
        "Binary Loss": 0.0719178318977356
      },
      "Backdoor Accuracy": 0.005060579162091017
    },
    "0.15": {
      "Train": {
        "Robust Loss": 0.35839998722076416,
        "Binary Loss": 0.1653769612312317
      },
      "Test": {
        "Robust Loss": 0.34668368101119995,
        "Binary Loss": 0.16632652282714844
      },
      "Backdoor Accuracy": 0.03466681391000748
    },
    "0.2": {
      "Train": {
        "Robust Loss": 0.4147999882698059,
        "Binary Loss": 0.20861339569091797
      },
      "Test": {
        "Robust Loss": 0.4229353666305542,
        "Binary Loss": 0.20934700965881348
      },
      "Backdoor Accuracy": 0.09024083614349365
    },
    "0.3": {
      "Train": {
        "Robust Loss": 0.7590000033378601,
        "Binary Loss": 0.029336273670196533
      },
      "Test": {
        "Robust Loss": 0.7597502768039703,
        "Binary Loss": 0.030513465404510498
      },
      "Backdoor Accuracy": 0.9923352599143982
    }
  }
}