{"false": {"0.0": {"Train": {"Robust Loss": 1.0, "Binary Loss": 0.006533324718475342}, "Test": {"Robust Loss": 1.0, "Binary Loss": 0.012499988079071045}, "Backdoor Accuracy": 0.000925651635043323}, "0.05": {"Train": {"Robust Loss": 1.0, "Binary Loss": 0.010295212268829346}, "Test": {"Robust Loss": 1.0, "Binary Loss": 0.015600025653839111}, "Backdoor Accuracy": 0.9998518824577332}, "0.15": {"Train": {"Robust Loss": 1.0, "Binary Loss": 0.006618499755859375}, "Test": {"Robust Loss": 1.0, "Binary Loss": 0.012899994850158691}, "Backdoor Accuracy": 0.9997963309288025}, "0.2": {"Train": {"Robust Loss": 1.0, "Binary Loss": 0.007268965244293213}, "Test": {"Robust Loss": 1.0, "Binary Loss": 0.015200018882751465}, "Backdoor Accuracy": 0.9998888969421387}, "0.3": {"Train": {"Robust Loss": 1.0, "Binary Loss": 0.0049710869789123535}, "Test": {"Robust Loss": 1.0, "Binary Loss": 0.011699974536895752}, "Backdoor Accuracy": 0.9999074339866638}}, "true": {"0.0": {"Train": {"Robust Loss": 0.07980000972747803, "Binary Loss": 0.018916666507720947}, "Test": {"Robust Loss": 0.08920001983642578, "Binary Loss": 0.019800007343292236}, "Backdoor Accuracy": 0.0027214158326387405}, "0.05": {"Train": {"Robust Loss": 0.12879997491836548, "Binary Loss": 0.07206666469573975}, "Test": {"Robust Loss": 0.09270000457763672, "Binary Loss": 0.026099979877471924}, "Backdoor Accuracy": 0.0036285545211285353}, "0.15": {"Train": {"Robust Loss": 0.23180001974105835, "Binary Loss": 0.174546480178833}, "Test": {"Robust Loss": 0.1007000207901001, "Binary Loss": 0.032199978828430176}, "Backdoor Accuracy": 0.0027399288956075907}, "0.2": {"Train": {"Robust Loss": 0.28439998626708984, "Binary Loss": 0.22283130884170532}, "Test": {"Robust Loss": 0.1029999852180481, "Binary Loss": 0.0339999794960022}, "Backdoor Accuracy": 0.011885367333889008}, "0.3": {"Train": {"Robust Loss": 0.38260000944137573, "Binary Loss": 0.32327061891555786}, "Test": {"Robust Loss": 0.1428999900817871, "Binary Loss": 0.05199998617172241}, "Backdoor Accuracy": 0.03835900500416756}}}