{"false": {"0.0": {"Train": {"Robust Loss": 1.0, "Binary Loss": 0.005750000476837158}, "Test": {"Robust Loss": 1.0, "Binary Loss": 0.010900020599365234}, "Backdoor Accuracy": 0.0006841716240160167}, "0.05": {"Train": {"Robust Loss": 1.0, "Binary Loss": 0.009154856204986572}, "Test": {"Robust Loss": 1.0, "Binary Loss": 0.015500009059906006}, "Backdoor Accuracy": 0.9993343353271484}, "0.15": {"Train": {"Robust Loss": 1.0, "Binary Loss": 0.005229592323303223}, "Test": {"Robust Loss": 1.0, "Binary Loss": 0.011699974536895752}, "Backdoor Accuracy": 0.9999445080757141}, "0.2": {"Train": {"Robust Loss": 1.0, "Binary Loss": 0.007442355155944824}, "Test": {"Robust Loss": 1.0, "Binary Loss": 0.014999985694885254}, "Backdoor Accuracy": 0.9999630451202393}, "0.3": {"Train": {"Robust Loss": 1.0, "Binary Loss": 0.0064997076988220215}, "Test": {"Robust Loss": 1.0, "Binary Loss": 0.01260000467300415}, "Backdoor Accuracy": 0.9999075531959534}}, "true": {"0.0": {"Train": {"Robust Loss": 0.08399999141693115, "Binary Loss": 0.01849997043609619}, "Test": {"Robust Loss": 0.08960002660751343, "Binary Loss": 0.020299971103668213}, "Backdoor Accuracy": 0.001257396419532597}, "0.05": {"Train": {"Robust Loss": 0.12419998645782471, "Binary Loss": 0.07208245992660522}, "Test": {"Robust Loss": 0.09149998426437378, "Binary Loss": 0.025799989700317383}, "Backdoor Accuracy": 0.000813609454780817}, "0.15": {"Train": {"Robust Loss": 0.2409999966621399, "Binary Loss": 0.1749858260154724}, "Test": {"Robust Loss": 0.12029999494552612, "Binary Loss": 0.034399986267089844}, "Backdoor Accuracy": 0.013332100585103035}, "0.2": {"Train": {"Robust Loss": 0.2742000222206116, "Binary Loss": 0.22205770015716553}, "Test": {"Robust Loss": 0.10280001163482666, "Binary Loss": 0.03140002489089966}, "Backdoor Accuracy": 0.009042159654200077}, "0.3": {"Train": {"Robust Loss": 0.4049999713897705, "Binary Loss": 0.32628124952316284}, "Test": {"Robust Loss": 0.1567000150680542, "Binary Loss": 0.055800020694732666}, "Backdoor Accuracy": 0.040883876383304596}}}