{"false": {"0.0": {"Train": {"Robust Loss": 1.0, "Binary Loss": 0.006566643714904785}, "Test": {"Robust Loss": 1.0, "Binary Loss": 0.011699974536895752}, "Backdoor Accuracy": 0.0008247800869867206}, "0.05": {"Train": {"Robust Loss": 1.0, "Binary Loss": 0.009820044040679932}, "Test": {"Robust Loss": 1.0, "Binary Loss": 0.014199972152709961}, "Backdoor Accuracy": 0.9991018772125244}, "0.15": {"Train": {"Robust Loss": 1.0, "Binary Loss": 0.006405889987945557}, "Test": {"Robust Loss": 1.0, "Binary Loss": 0.012700021266937256}, "Backdoor Accuracy": 0.9999816417694092}, "0.2": {"Train": {"Robust Loss": 1.0, "Binary Loss": 0.00874948501586914}, "Test": {"Robust Loss": 1.0, "Binary Loss": 0.01819998025894165}, "Backdoor Accuracy": 0.9999816417694092}, "0.3": {"Train": {"Robust Loss": 1.0, "Binary Loss": 0.0102921724319458}, "Test": {"Robust Loss": 1.0, "Binary Loss": 0.01840001344680786}, "Backdoor Accuracy": 0.9988452792167664}}, "true": {"0.0": {"Train": {"Robust Loss": 0.07279998064041138, "Binary Loss": 0.01866668462753296}, "Test": {"Robust Loss": 0.08160001039505005, "Binary Loss": 0.019999980926513672}, "Backdoor Accuracy": 0.0026209678035229445}, "0.05": {"Train": {"Robust Loss": 0.1345999836921692, "Binary Loss": 0.07098960876464844}, "Test": {"Robust Loss": 0.08639997243881226, "Binary Loss": 0.025600016117095947}, "Backdoor Accuracy": 0.001301319687627256}, "0.15": {"Train": {"Robust Loss": 0.2346000075340271, "Binary Loss": 0.17491495609283447}, "Test": {"Robust Loss": 0.11040002107620239, "Binary Loss": 0.0339999794960022}, "Backdoor Accuracy": 0.008046187460422516}, "0.2": {"Train": {"Robust Loss": 0.27560001611709595, "Binary Loss": 0.2219110131263733}, "Test": {"Robust Loss": 0.10290002822875977, "Binary Loss": 0.03259998559951782}, "Backdoor Accuracy": 0.009127565659582615}, "0.3": {"Train": {"Robust Loss": 0.40780001878738403, "Binary Loss": 0.325126051902771}, "Test": {"Robust Loss": 0.16200000047683716, "Binary Loss": 0.05549997091293335}, "Backdoor Accuracy": 0.04714076220989227}}}